id	action	target_type	target_id	detail	ok	operator	created_at
1	启用题库	bank	c-language-2026-code	C语言2026年题库全解通关代码	1	7Y4C7C	2026-06-18T01:28:42.510Z
2	启用题库	bank	c-language-basics	C语言基础	1	7Y4C7C	2026-06-18T01:28:44.825Z
3	启用题库	bank	c-language-2026-code	C语言2026年题库全解通关代码	1	7Y4C7C	2026-06-18T01:28:54.333Z
4	启用题库	bank	c-language-basics	C语言基础	1	7Y4C7C	2026-06-18T01:28:56.847Z
5	禁用题库	bank	c-language-2026-code	C语言2026年题库全解通关代码	1	7Y4C7C	2026-06-18T01:32:37.789Z
6	禁用题库	bank	c-language-basics	C语言基础	1	7Y4C7C	2026-06-18T01:32:42.895Z
7	启用题库	bank	c-language-2026-code	C语言2026年题库全解通关代码	1	7Y4C7C	2026-06-18T01:32:45.238Z
8	启用题库	bank	c-language-basics	C语言基础	1	7Y4C7C	2026-06-18T01:32:46.245Z
9	禁用题库	bank	c-language-2026-code	C语言2026年题库全解通关代码	1	7Y4C7C	2026-06-18T01:51:10.155Z
10	启用题库	bank	c-language-2026-code	C语言2026年题库全解通关代码	1	7Y4C7C	2026-06-18T01:51:12.329Z
11	禁用题库	bank	c-language-2026-code	C语言2026年题库全解通关代码	1	7Y4C7C	2026-06-18T01:54:41.441Z
12	启用题库	bank	c-language-2026-code	C语言2026年题库全解通关代码	1	7Y4C7C	2026-06-18T01:55:19.668Z
13	禁用题库	bank	c-language-2026-code	C语言2026年题库全解通关代码	1	7Y4C7C	2026-06-18T01:55:23.023Z
14	启用题库	bank	c-language-2026-code	C语言2026年题库全解通关代码	1	7Y4C7C	2026-06-18T01:56:59.135Z
15	禁用题库	bank	c-language-2026-code	C语言2026年题库全解通关代码	1	7Y4C7C	2026-06-18T01:57:05.730Z
16	禁用题库	bank	c-language-basics	C语言基础	1	7Y4C7C	2026-06-18T01:57:18.485Z
17	启用题库	bank	c-language-2026-code	C语言2026年题库全解通关代码	1	7Y4C7C	2026-06-18T01:59:05.209Z
18	禁用题库	bank	c-language-2026-code	C语言2026年题库全解通关代码	1	7Y4C7C	2026-06-18T02:03:28.144Z
19	禁用题库	bank	c-language-basics	C语言基础	1	7Y4C7C	2026-06-18T02:03:35.454Z
20	启用题库	bank	c-language-2026-code	C语言2026年题库全解通关代码	1	7Y4C7C	2026-06-18T02:09:23.867Z
21	启用题库	bank	c-language-2026-code	C语言2026年题库全解通关代码	1	7Y4C7C	2026-06-18T02:09:30.367Z
22	禁用题库	bank	c-language-basics	C语言基础	1	7Y4C7C	2026-06-18T02:13:38.093Z
23	禁用题库	bank	c-language-2026-code	C语言2026年题库全解通关代码	1	7Y4C7C	2026-06-18T02:13:52.995Z
24	启用题库	bank	c-language-basics	C语言基础	1	7Y4C7C	2026-06-18T02:13:54.618Z
25	禁用题库	bank	c-language-basics	C语言基础	1	7Y4C7C	2026-06-18T02:14:05.346Z
26	启用题库	bank	c-language-2026-code	C语言2026年题库全解通关代码	1	7Y4C7C	2026-06-18T02:14:06.504Z
27	启用题库	bank	c-language-basics	C语言基础	1	7Y4C7C	2026-06-18T02:16:32.012Z
28	禁用题库	bank	c-language-2026-code	C语言2026年题库全解通关代码	1	7Y4C7C	2026-06-18T02:16:42.754Z
29	启用题库	bank	c-language-2026-code	C语言2026年题库全解通关代码	1	7Y4C7C	2026-06-18T02:18:51.788Z
30	禁用题库	bank	c-language-2026-code	C语言2026年题库全解通关代码	1	7Y4C7C	2026-06-18T02:18:55.622Z
31	禁用题库	bank	precision-machining-review	精密加工与特种加工技术-简答题库	1	7Y4C7C	2026-06-18T02:32:50.709Z
32	启用题库	bank	precision-machining-review	精密加工与特种加工技术-简答题库	1	7Y4C7C	2026-06-18T02:33:25.784Z
