device_id	user_id	device_name	bound_at
0837e2a6-c982-469e-8d9a-f68321b0c81e	7Y4C7C		2026-06-09T14:42:02.866Z
091968ff-eb5d-47b8-a6c3-c3d869f707bf	K8UJVC		2026-06-03T11:50:04.886Z
0d0dda81-8352-4775-b8f3-994aef9f75e4	SAHV7C		2026-06-01T06:05:36.820Z
0f80d127-4ae6-4f1a-aaef-47c482e58dd9	2P83SK		2026-06-15T06:23:40.810Z
10d9e1d7-119c-4cb1-9d84-420152ce474d	7Y4C7C		2026-05-29T13:52:25.345Z
1345c292-8d73-425b-88ee-43dab020a6ab	JZCBZZ		2026-06-18T02:59:44.446Z
198cd6ac-4d3f-4c0f-9c66-7c6b6d54a81d	7Y4C7C		2026-06-18T01:54:09.611Z
1cc62a4e-39e0-46fa-bcab-6674d3fabaf3	7Y4C7C		2026-05-29T13:48:57.130Z
23f9e78e-b4e7-408d-81a1-7da4099b8415	XJFJQD		2026-06-02T15:55:11.846Z
2448a6cc-24aa-4677-9e99-6337060b80ca	7Y4C7C		2026-06-18T01:22:38.679Z
2ad5242f-11a8-439e-aeee-04a14c177d51	7Y4C7C		2026-06-18T01:44:49.992Z
30c2f580-4052-4389-97d3-f956a02ca7f4	GCJM4Q		2026-06-09T16:36:48.582Z
3113d720-0cb5-49f8-9df5-e6c33a1a9492	7Y4C7C		2026-06-02T15:57:47.489Z
32d7bd3f-bfc4-4ba8-bbff-4e01a3bf3e95	D6FQM3		2026-06-09T16:34:51.960Z
3722242e-60c4-4c2f-b4ab-9de5cb768f6c	7Y4C7C		2026-06-08T05:58:13.687Z
391e98f6-6d6b-489d-92a2-61d9f5e18d39	L7LPNT		2026-06-03T15:50:55.937Z
3aec1699-bd5d-419c-9fca-f3e36b15c04e	N8R8N9		2026-06-01T03:59:00.434Z
412c049e-b723-41f5-b958-2cb7733d1e3a	7Y4C7C		2026-06-09T15:28:45.219Z
4381cae6-9e46-42f4-a26f-ac6aca2f1d58	X5KAQF		2026-06-17T03:08:15.197Z
4413b132-e276-4a04-9c91-6f8e59cf7af4	C465PK		2026-06-07T14:23:51.099Z
45a61586-6a02-4d85-a7b5-3c8dc597a87a	6Z68VC		2026-06-01T02:06:08.687Z
47909c0d-f629-4457-a684-ada861948cf1	7Y4C7C		2026-05-29T13:58:49.272Z
48459416-1d89-48b5-a8fb-4f6c1952eca4	PJA6KE		2026-06-10T02:13:53.506Z
4a9a0068-e086-4363-bb8d-e51f14d14e78	HHAZTG		2026-06-02T09:09:41.222Z
4b364b2e-e8e2-457c-b3eb-d5ed7f42dd8e	7Y4C7C		2026-05-31T09:53:15.316Z
5370a54f-500d-469b-ad5e-a510adab101f	7Y4C7C		2026-06-05T15:43:30.496Z
53a3ec8f-ac20-40c5-a2bd-1778a4b9f24a	U2MLKM		2026-06-01T04:23:23.041Z
5615032b-c8a1-43a4-87de-3fcb2398a936	7Y4C7C		2026-05-29T14:38:35.055Z
5866ade6-e8e5-42f3-aa87-21e59c7076b2	MJ8QPB		2026-05-31T07:01:23.619Z
61994b7c-1cb9-460b-9a97-f5cdeeb58d7b	S29KZS		2026-06-14T08:39:21.498Z
623dd56f-67cd-4285-810c-d3f77a217b5f	WNL8Q2		2026-06-01T14:42:04.591Z
6a41f469-2171-4570-a7cf-48a78a858f53	7Y4C7C		2026-06-09T16:28:41.178Z
6eaf4e34-fa15-411b-a426-7cf31d627b35	96SATJ		2026-06-10T00:55:10.942Z
771e1ced-ed30-4325-a09d-016dd91b8ac5	XJFJQD		2026-06-03T15:20:52.823Z
83de5372-ad3c-4f75-b108-9f9c573d2b07	ZGN2C9		2026-06-01T15:26:00.132Z
874f0640-164c-4bde-88cb-992559c8f7dc	7Y4C7C		2026-06-18T03:09:14.857Z
8e8a12f5-660a-47a7-a52f-b9d7092d05c2	7Y4C7C		2026-06-08T00:25:08.586Z
9b88c1bc-80a4-4924-a2e3-2f94863decf0	7Y4C7C		2026-06-09T00:42:36.425Z
a1169097-57b9-45a3-a258-1e8b5cb4b578	T8ZLYP		2026-06-05T11:37:43.347Z
a2d9fc4a-76c5-472f-81eb-ceab8577edca	7Y4C7C		2026-06-09T14:43:15.408Z
a41365fd-b9aa-432e-9453-cc3c3160985b	7Y4C7C		2026-06-07T02:46:21.361Z
a4495b50-0814-4a12-856b-ae08483f3c9e	QGJK5Y		2026-06-18T01:37:30.190Z
a7c8c4e6-068d-48c4-8054-2bec789f7519	9PKYT9		2026-06-16T07:21:41.276Z
a9204400-e5fd-4e6b-9efb-565b49479e8f	7Y4C7C		2026-06-01T03:53:09.651Z
ab873b07-cf0a-4c98-986a-cc420e0bd3e2	7Y4C7C		2026-05-30T00:47:07.140Z
af493546-e2c1-4019-a154-9144d582f888	K9L9LC		2026-06-15T09:32:09.057Z
af5ee3f9-619a-4b1e-b0ee-edfd3c084bff	CJK4RW		2026-06-09T16:30:19.747Z
b4491af0-15e6-4649-b18b-87dbec446d0c	QNKFSC		2026-06-03T15:53:01.081Z
b966e0cf-81eb-4ae1-84b0-6af3ae7fb9bb	7Y4C7C		2026-06-15T05:27:29.695Z
ba370a8d-85a1-462a-b9fc-08fb09c7fced	TWW9YR		2026-06-02T12:52:15.610Z
c0befeff-3f89-49a2-8653-10d7084266fd	ARMEEL		2026-06-01T02:10:34.623Z
c3459fab-974f-4ba4-bd57-b6a677ff8a7c	JDDUJ4		2026-06-09T16:07:34.188Z
c9771416-41cd-4831-985c-dca5a6d2b7fc	4QT438		2026-06-01T00:25:43.340Z
d663024f-d9ff-4421-b8ba-69a58bb7546f	69ZNMQ		2026-06-09T16:18:38.913Z
d93b3e9f-8687-457e-98fe-ddf51e88e3b4	TU46PT		2026-06-03T05:39:23.842Z
dcf6db23-b060-40a1-950b-b805523c205b	V8S67F		2026-06-13T08:21:16.860Z
de146e32-5453-4922-a33b-b6d4142aac23	3GTGV8		2026-06-01T02:05:08.103Z
df4c7470-a128-4fce-ab88-2f824f5879d5	7Y4C7C		2026-06-08T05:45:11.518Z
e0dd528f-214d-4451-842f-8c588a6e07af	HE7KXV		2026-06-07T10:03:06.897Z
eb129f29-6f80-43ef-86fa-4f9a52581bc9	45JSH3		2026-06-01T06:12:50.155Z
f1718051-df66-47e0-bea9-ca359d55f4d9	RHCCNG		2026-06-02T07:02:50.058Z
f977f29e-3f96-4f7d-a338-547f52ecb411	T8ZLYP		2026-05-31T14:37:25.073Z
fd2fa721-6876-45ec-9341-56f6ecd737da	KLLMTD		2026-06-02T08:47:03.537Z
